{
 "hunt_id": "H.D3SQGUEU5D30E",
 "create_time": "1761192057166482",
 "creator": "Nani",
 "expires": "1761796840076000",
 "start_request": {
  "creator": "Nani",
  "flow_id": "F.D3SQGUEU5D30E.H",
  "artifacts": [
   "Windows.Network.Netstat"
  ],
  "specs": [
   {
    "artifact": "Windows.Network.Netstat",
    "parameters": {}
   }
  ],
  "compiled_collector_args": [
   {
    "query_id": "1",
    "total_queries": "1",
    "precondition": "SELECT OS From info() where OS = 'windows'",
    "Query": [
     {
      "VQL": "LET precondition_Windows_Network_Netstat_0 = SELECT OS FROM info() WHERE OS = 'windows'"
     },
     {
      "VQL": "LET processes <= SELECT Name, Pid AS ProcPid FROM pslist()"
     },
     {
      "VQL": "LET Windows_Network_Netstat_0_1 = SELECT Pid, { SELECT Name FROM processes WHERE Pid = ProcPid } AS Name, FamilyString AS Family, TypeString AS Type, Status, Laddr.IP, Laddr.Port, Raddr.IP, Raddr.Port, Timestamp FROM netstat()"
     },
     {
      "Name": "$efbc668d6ddbb7cf4036b8435ec2c616d1cf7807f5e641bcb78cf6e9fac3b3de",
      "VQL": "SELECT * FROM if(then=Windows_Network_Netstat_0_1, condition=precondition_Windows_Network_Netstat_0, else={ SELECT * FROM scope() WHERE log(message='Query skipped due to precondition')  AND FALSE })"
     }
    ],
    "max_row": "1000"
   }
  ]
 },
 "condition": {},
 "stats": {
  "available_downloads": {}
 },
 "artifacts": [
  "Windows.Network.Netstat"
 ],
 "artifact_sources": [
  "Windows.Network.Netstat"
 ],
 "state": "PAUSED"
}