{
 "client_id": "C.2043b69c2509f04f",
 "hostname": "KARTHEEK",
 "fqdn": "KARTHEEK.mshome.net",
 "system": "windows",
 "release": "Microsoft Windows 11 Pro25H2",
 "architecture": "amd64",
 "ip_address": "172.31.208.1:49521",
 "ping": 1761192006175955,
 "client_version": "0.75.1",
 "client_name": "velociraptor",
 "first_seen_at": 1761189645,
 "build_time": "2025-09-03T16:04:11Z",
 "mac_addresses": [
  "00:15:5d:84:87:7d",
  "0a:00:27:00:00:18",
  "00:ff:66:c9:c0:09",
  "2a:39:26:b3:5c:81",
  "aa:39:26:b3:5c:81",
  "28:39:26:b3:5c:81"
 ],
 "last_interrogate_flow_id": "F.D3SQFF608P1HI",
 "last_interrogate_artifact_name": "Generic.Client.Info/BasicInformation",
 "last_event_table_version": 1761190015944285758,
 "in_flight_flows": {
  "F.D3SQGBAMPVI4U": 1761192004
 }
}