{
 "client_id": "C.2043b69c2509f04f",
 "session_id": "F.D3SQGBAMPVI4U",
 "request": {
  "creator": "Nani",
  "client_id": "C.2043b69c2509f04f",
  "artifacts": [
   "Windows.Memory.Acquisition"
  ],
  "specs": [
   {
    "artifact": "Windows.Memory.Acquisition",
    "parameters": {}
   }
  ]
 },
 "create_time": 1761191981467210,
 "start_time": 1761191981943709,
 "active_time": 1761192004048572,
 "inflight_time": 1761192004,
 "total_logs": 14,
 "total_requests": 1,
 "outstanding_requests": 1,
 "execution_duration": 22104863000,
 "state": 4,
 "query_stats": [
  {
   "status": 4,
   "duration": 22104863000,
   "last_active": 1761192004048572,
   "first_active": 1761191981943709,
   "log_rows": 14
  }
 ]
}