{"client_time":1761191981,"level":"INFO","message":"Starting query execution for Windows.Memory.Acquisition.\n"}
{"client_time":1761191982,"level":"DEFAULT","message":"Installing driver from C:\\Windows\\Temp\\winpmem.sys\n"}
{"client_time":1761191982,"level":"INFO","message":"winpmem: Creating service winpmem\n"}
{"client_time":1761191982,"level":"INFO","message":"winpmem: Installed service winpmem\n"}
{"client_time":1761191982,"level":"INFO","message":"winpmem: Started service winpmem\n"}
{"client_time":1761191982,"level":"INFO","message":"winpmem: Padding 1 pages from 0x0\n"}
{"client_time":1761191982,"level":"INFO","message":"winpmem: Copying 158 pages (0x9e000) from 0x1000\n"}
{"client_time":1761191982,"level":"INFO","message":"winpmem: Padding 97 pages from 0x9f000\n"}
{"client_time":1761191982,"level":"INFO","message":"winpmem: Copying 399496 pages (0x61888000) from 0x100000\n"}
{"client_time":1761191989,"level":"INFO","message":"winpmem: Padding 2304 pages from 0x61988000\n"}
{"client_time":1761191989,"level":"INFO","message":"winpmem: Copying 7703 pages (0x1e17000) from 0x62288000\n"}
{"client_time":1761191989,"level":"INFO","message":"winpmem: Padding 7088 pages from 0x6409f000\n"}
{"client_time":1761191990,"level":"INFO","message":"winpmem: Copying 1 pages (0x1000) from 0x65c4f000\n"}
{"client_time":1761191990,"level":"INFO","message":"winpmem: Padding 631728 pages from 0x65c50000\n"}
