{
 "items": [
  {
   "session_id": "F.D3SQGBAMPVI4U",
   "request_id": 1,
   "FlowRequest": {
    "VQLClientActions": [
     {
      "query_id": 1,
      "total_queries": 1,
      "precondition": "SELECT OS FROM info()\nWHERE OS = 'windows'\n  AND Architecture = \"amd64\"\n  AND version(function='winpmem') \u003e= 0\n",
      "env": [
       {
        "key": "ServiceName"
       },
       {
        "key": "DriverPath",
        "value": "C:\\Windows\\Temp\\winpmem.sys"
       },
       {
        "key": "Compression",
        "value": "None"
       }
      ],
      "Query": [
       {
        "VQL": "LET precondition_Windows_Memory_Acquisition_0 = SELECT OS FROM info() WHERE OS = 'windows'  AND Architecture = \"amd64\"  AND version(function='winpmem') \u003e= 0"
       },
       {
        "VQL": "LET Tempfile \u003c= tempfile(extension=\".pmem\")"
       },
       {
        "VQL": "LET ImageInfo \u003c= winpmem(driver_path=DriverPath, service=ServiceName, image_path=Tempfile, compression=Compression)"
       },
       {
        "VQL": "LET Windows_Memory_Acquisition_0_2 = SELECT ImageInfo, upload(file=Tempfile, name=\"PhysicalMemory.dd\") AS Upload FROM stat(filename=Tempfile) WHERE log(message=\"Uploading %v bytes\", args=Size)"
       },
       {
        "Name": "$f01b684747c8a7d5f55df6d6a9d6c2a4aae49b31163eeac7691a0f9041078397",
        "VQL": "SELECT * FROM if(then=Windows_Memory_Acquisition_0_2, condition=precondition_Windows_Memory_Acquisition_0, else={ SELECT * FROM scope() WHERE log(message='Query skipped due to precondition')  AND FALSE })"
       }
      ],
      "max_row": 1000
     }
    ],
    "log_batch_time": 2000,
    "compression": 1
   }
  }
 ]
}